 D0 8F 46 79,0,1634099488,
 D0 8F 46 79,1,1634099492,
 D0 8F 46 79,1,1634099493,
 D0 8F 46 79,1,1634099642,
 D0 8F 46 79,0,1634099649,
 D0 8F 46 79,0,1634099654,
 D0 8F 46 79,0,1634099488,
 D0 8F 46 79,1,1634099492,
 D0 8F 46 79,1,1634099493,
 D0 8F 46 79,1,1634099642,
 D0 8F 46 79,0,1634099649,
 D0 8F 46 79,0,1634099654,
 D0 8F 46 79,0,1634099657,
 D0 8F 46 79,1,1634099663,
 D0 8F 46 79,0,1634099668,
 D0 8F 46 79,1,1634099671,
 D0 8F 46 79,1,1634099680,
 D0 8F 46 79,1,1634099686,
 D0 8F 46 79,1,1634100185,
 D0 8F 46 79,0,1634100188,
 D0 8F 46 79,0,1634100195,
 D0 8F 46 79,0,1634100197,
 D0 8F 46 79,1,1634100202,
 D0 8F 46 79,1,1634100203,
 D0 8F 46 79,0,1634100209,
 D0 8F 46 79,0,1634100215,
 D0 8F 46 79,0,1634100217,
 D0 8F 46 79,0,1634100273,
 D0 8F 46 79,1,1634100316,
 D0 8F 46 79,0,1634100320,
 D0 8F 46 79,0,1634100321,
 D0 8F 46 79,1,1634100323,
 D0 8F 46 79,1,1634100329,
 D0 8F 46 79,0,1634100331,
 D0 8F 46 79,0,1634099488,
 D0 8F 46 79,1,1634099492,
 D0 8F 46 79,1,1634099493,
 D0 8F 46 79,1,1634099642,
 D0 8F 46 79,0,1634099649,
 D0 8F 46 79,0,1634099654,
 D0 8F 46 79,0,1634099657,
 D0 8F 46 79,1,1634099663,
 D0 8F 46 79,0,1634099668,
 D0 8F 46 79,1,1634099671,
 D0 8F 46 79,1,1634099680,
 D0 8F 46 79,1,1634099686,
 D0 8F 46 79,1,1634100185,
 D0 8F 46 79,0,1634100188,
 D0 8F 46 79,0,1634100195,
 D0 8F 46 79,0,1634100197,
 D0 8F 46 79,1,1634100202,
 D0 8F 46 79,1,1634100203,
 D0 8F 46 79,0,1634100209,
 D0 8F 46 79,0,1634100215,
 D0 8F 46 79,0,1634100217,
 D0 8F 46 79,0,1634100273,
 D0 8F 46 79,1,1634100316,
 D0 8F 46 79,0,1634100320,
 D0 8F 46 79,0,1634100321,
 D0 8F 46 79,1,1634100323,
 D0 8F 46 79,1,1634100329,
 D0 8F 46 79,0,1634100331,
 D0 8F 46 79,0,1634099488,
 D0 8F 46 79,1,1634099492,
 D0 8F 46 79,1,1634099493,
 D0 8F 46 79,1,1634099642,
 D0 8F 46 79,0,1634099649,
 D0 8F 46 79,0,1634099654,
 D0 8F 46 79,0,1634099657,
 D0 8F 46 79,1,1634099663,
 D0 8F 46 79,0,1634099668,
 D0 8F 46 79,1,1634099671,
 D0 8F 46 79,1,1634099680,
 D0 8F 46 79,1,1634099686,
 D0 8F 46 79,1,1634100185,
 D0 8F 46 79,0,1634100188,
 D0 8F 46 79,0,1634100195,
 D0 8F 46 79,0,1634100197,
 D0 8F 46 79,1,1634100202,
 D0 8F 46 79,1,1634100203,
 D0 8F 46 79,0,1634100209,
 D0 8F 46 79,0,1634100215,
 D0 8F 46 79,0,1634100217,
 D0 8F 46 79,0,1634100273,
 D0 8F 46 79,1,1634100316,
 D0 8F 46 79,0,1634100320,
 D0 8F 46 79,0,1634100321,
 D0 8F 46 79,1,1634100323,
 D0 8F 46 79,1,1634100329,
 D0 8F 46 79,0,1634100331,
 D0 8F 46 79,0,1634099488,
 D0 8F 46 79,1,1634099492,
 D0 8F 46 79,1,1634099493,
 D0 8F 46 79,1,1634099642,
 D0 8F 46 79,0,1634099649,
 D0 8F 46 79,0,1634099654,
 D0 8F 46 79,0,1634099657,
 D0 8F 46 79,1,1634099663,
 D0 8F 46 79,0,1634099668,
 D0 8F 46 79,1,1634099671,
 D0 8F 46 79,1,1634099680,
 D0 8F 46 79,1,1634099686,
 D0 8F 46 79,1,1634100185,
 D0 8F 46 79,0,1634100188,
 D0 8F 46 79,0,1634100195,
 D0 8F 46 79,0,1634100197,
 D0 8F 46 79,1,1634100202,
 D0 8F 46 79,1,1634100203,
 D0 8F 46 79,0,1634100209,
 D0 8F 46 79,0,1634100215,
 D0 8F 46 79,0,1634100217,
 D0 8F 46 79,0,1634100273,
 D0 8F 46 79,1,1634100316,
 D0 8F 46 79,0,1634100320,
 D0 8F 46 79,0,1634100321,
 D0 8F 46 79,1,1634100323,
 D0 8F 46 79,1,1634100329,
 D0 8F 46 79,0,1634100331,
 D0 8F 46 79,0,1634099488,
 D0 8F 46 79,1,1634099492,
 D0 8F 46 79,1,1634099493,
 D0 8F 46 79,1,1634099642,
 D0 8F 46 79,0,1634099649,
 D0 8F 46 79,0,1634099654,
 D0 8F 46 79,0,1634099657,
 D0 8F 46 79,1,1634099663,
 D0 8F 46 79,0,1634099668,
 D0 8F 46 79,1,1634099671,
 D0 8F 46 79,1,1634099680,
 D0 8F 46 79,1,1634099686,
 D0 8F 46 79,1,1634100185,
 D0 8F 46 79,0,1634100188,
 D0 8F 46 79,0,1634100195,
 D0 8F 46 79,0,1634100197,
 D0 8F 46 79,1,1634100202,
 D0 8F 46 79,1,1634100203,
 D0 8F 46 79,0,1634100209,
 D0 8F 46 79,0,1634100215,
 D0 8F 46 79,0,1634100217,
 D0 8F 46 79,0,1634100273,
 D0 8F 46 79,1,1634100316,
 D0 8F 46 79,0,1634100320,
 D0 8F 46 79,0,1634100321,
 D0 8F 46 79,1,1634100323,
 D0 8F 46 79,1,1634100329,
 D0 8F 46 79,0,1634100331,
 D0 8F 46 79,0,1634099488,
 D0 8F 46 79,1,1634099492,
 D0 8F 46 79,1,1634099493,
 D0 8F 46 79,1,1634099642,
 D0 8F 46 79,0,1634099649,
 D0 8F 46 79,0,1634099654,
 D0 8F 46 79,0,1634099657,
 D0 8F 46 79,1,1634099663,
 D0 8F 46 79,0,1634099668,
 D0 8F 46 79,1,1634099671,
 D0 8F 46 79,1,1634099680,
 D0 8F 46 79,1,1634099686,
 D0 8F 46 79,1,1634100185,
 D0 8F 46 79,0,1634100188,
 D0 8F 46 79,0,1634100195,
 D0 8F 46 79,0,1634100197,
 D0 8F 46 79,1,1634100202,
 D0 8F 46 79,1,1634100203,
 D0 8F 46 79,0,1634100209,
 D0 8F 46 79,0,1634100215,
 D0 8F 46 79,0,1634100217,
 D0 8F 46 79,0,1634100273,
 D0 8F 46 79,1,1634100316,
 D0 8F 46 79,0,1634100320,
 D0 8F 46 79,0,1634100321,
 D0 8F 46 79,1,1634100323,
 D0 8F 46 79,1,1634100329,
 D0 8F 46 79,0,1634100331,
 D0 8F 46 79,0,1634099488,
 D0 8F 46 79,1,1634099492,
 D0 8F 46 79,1,1634099493,
 D0 8F 46 79,1,1634099642,
 D0 8F 46 79,0,1634099649,
 D0 8F 46 79,0,1634099654,
 D0 8F 46 79,0,1634099657,
 D0 8F 46 79,1,1634099663,
 D0 8F 46 79,0,1634099668,
 D0 8F 46 79,1,1634099671,
 D0 8F 46 79,1,1634099680,
 D0 8F 46 79,1,1634099686,
 D0 8F 46 79,1,1634100185,
 D0 8F 46 79,0,1634100188,
 D0 8F 46 79,0,1634100195,
 D0 8F 46 79,0,1634100197,
 D0 8F 46 79,1,1634100202,
 D0 8F 46 79,1,1634100203,
 D0 8F 46 79,0,1634100209,
 D0 8F 46 79,0,1634100215,
 D0 8F 46 79,0,1634100217,
 D0 8F 46 79,0,1634100273,
 D0 8F 46 79,1,1634100316,
 D0 8F 46 79,0,1634100320,
 D0 8F 46 79,0,1634100321,
 D0 8F 46 79,1,1634100323,
 D0 8F 46 79,1,1634100329,
 D0 8F 46 79,0,1634100331,
 D0 8F 46 79,0,1634099488,
 D0 8F 46 79,1,1634099492,
 D0 8F 46 79,1,1634099493,
 D0 8F 46 79,1,1634099642,
 D0 8F 46 79,0,1634099649,
 D0 8F 46 79,0,1634099654,
 D0 8F 46 79,0,1634099657,
 D0 8F 46 79,1,1634099663,
 D0 8F 46 79,0,1634099668,
 D0 8F 46 79,1,1634099671,
 D0 8F 46 79,1,1634099680,
 D0 8F 46 79,1,1634099686,
 D0 8F 46 79,1,1634100185,
 D0 8F 46 79,0,1634100188,
 D0 8F 46 79,0,1634100195,
 D0 8F 46 79,0,1634100197,
 D0 8F 46 79,1,1634100202,
 D0 8F 46 79,1,1634100203,
 D0 8F 46 79,0,1634100209,
 D0 8F 46 79,0,1634100215,
 D0 8F 46 79,0,1634100217,
 D0 8F 46 79,0,1634100273,
 D0 8F 46 79,1,1634100316,
 D0 8F 46 79,0,1634100320,
 D0 8F 46 79,0,1634100321,
 D0 8F 46 79,1,1634100323,
 D0 8F 46 79,1,1634100329,
 D0 8F 46 79,0,1634100331,
 D0 8F 46 79,0,1634099488,
 D0 8F 46 79,1,1634099492,
 D0 8F 46 79,1,1634099493,
 D0 8F 46 79,1,1634099642,
 D0 8F 46 79,0,1634099649,
 D0 8F 46 79,0,1634099654,
 D0 8F 46 79,0,1634099657,
 D0 8F 46 79,1,1634099663,
