 2C 9C 0F 32,0,1634099486,
 79 F6 19 E9,0,1634099488,
 D0 8F 46 79,0,1634099488,
 80 DB 99 79,1,1634099491,
 D0 8F 46 79,1,1634099492,
 D0 8F 46 79,1,1634099493,
 80 DB 99 79,1,1634099493,
 79 F6 19 E9,1,1634099494,
 2C 9C 0F 32,1,1634099497,
 2C 9C 0F 32,1,1634099640,
 D0 8F 46 79,1,1634099642,
 79 F6 19 E9,1,1634099643,
 80 DB 99 79,1,1634099643,
 70 DA 5C 13,1,1634099644,
 D0 8F 46 79,0,1634099649,
 D0 8F 46 79,0,1634099654,
 80 DB 99 79,0,1634099655,
 70 DA 5C 13,0,1634099656,
 80 DB 99 79,0,1634099656,
 2C 9C 0F 32,0,1634099486,
 79 F6 19 E9,0,1634099488,
 D0 8F 46 79,0,1634099488,
 80 DB 99 79,1,1634099491,
 D0 8F 46 79,1,1634099492,
 D0 8F 46 79,1,1634099493,
 80 DB 99 79,1,1634099493,
 79 F6 19 E9,1,1634099494,
 2C 9C 0F 32,1,1634099497,
 2C 9C 0F 32,1,1634099640,
 D0 8F 46 79,1,1634099642,
 79 F6 19 E9,1,1634099643,
 80 DB 99 79,1,1634099643,
 70 DA 5C 13,1,1634099644,
 D0 8F 46 79,0,1634099649,
 D0 8F 46 79,0,1634099654,
 80 DB 99 79,0,1634099655,
 70 DA 5C 13,0,1634099656,
 80 DB 99 79,0,1634099656,
 79 F6 19 E9,0,1634099657,
 D0 8F 46 79,0,1634099657,
 2C 9C 0F 32,0,1634099660,
 D0 8F 46 79,1,1634099663,
 79 F6 19 E9,1,1634099664,
 80 DB 99 79,1,1634099664,
 70 DA 5C 13,1,1634099666,
 70 DA 5C 13,1,1634099666,
 80 DB 99 79,1,1634099667,
 80 DB 99 79,1,1634099667,
 79 F6 19 E9,0,1634099668,
 D0 8F 46 79,0,1634099668,
 D0 8F 46 79,1,1634099671,
 79 F6 19 E9,0,1634099671,
 80 DB 99 79,0,1634099672,
 70 DA 5C 13,0,1634099673,
 D0 8F 46 79,1,1634099680,
 79 F6 19 E9,0,1634099681,
 80 DB 99 79,0,1634099681,
 70 DA 5C 13,0,1634099682,
 70 DA 5C 13,1,1634099685,
 80 DB 99 79,1,1634099685,
 79 F6 19 E9,1,1634099686,
 D0 8F 46 79,1,1634099686,
 70 DA 5C 13,1,1634099688,
 80 DB 99 79,1,1634099689,
 70 DA 5C 13,0,1634099690,
 80 DB 99 79,0,1634099691,
 D0 8F 46 79,1,1634100185,
 79 F6 19 E9,1,1634100186,
 80 DB 99 79,1,1634100186,
 70 DA 5C 13,1,1634100187,
 D0 8F 46 79,0,1634100188,
 79 F6 19 E9,0,1634100189,
 80 DB 99 79,0,1634100189,
 70 DA 5C 13,0,1634100191,
 80 DB 99 79,1,1634100193,
 80 DB 99 79,0,1634100194,
 79 F6 19 E9,0,1634100194,
 D0 8F 46 79,0,1634100195,
 D0 8F 46 79,0,1634100197,
 79 F6 19 E9,0,1634100197,
 80 DB 99 79,0,1634100198,
 70 DA 5C 13,0,1634100199,
 80 DB 99 79,1,1634100200,
 80 DB 99 79,1,1634100201,
 79 F6 19 E9,1,1634100202,
 D0 8F 46 79,1,1634100202,
 D0 8F 46 79,1,1634100203,
 79 F6 19 E9,1,1634100204,
 80 DB 99 79,1,1634100204,
 80 DB 99 79,1,1634100205,
 80 DB 99 79,1,1634100205,
 70 DA 5C 13,1,1634100206,
 D0 8F 46 79,0,1634100209,
 79 F6 19 E9,0,1634100210,
 80 DB 99 79,0,1634100211,
 70 DA 5C 13,0,1634100212,
 70 DA 5C 13,0,1634100214,
 80 DB 99 79,0,1634100214,
 79 F6 19 E9,0,1634100215,
 D0 8F 46 79,0,1634100215,
 D0 8F 46 79,0,1634100217,
 79 F6 19 E9,0,1634100217,
 80 DB 99 79,0,1634100218,
 70 DA 5C 13,0,1634100219,
 2C 9C 0F 32,1,1634100248,
 2C 9C 0F 32,0,1634100254,
 2C 9C 0F 32,0,1634100255,
 2C 9C 0F 32,0,1634100257,
 2C 9C 0F 32,0,1634100258,
 2C 9C 0F 32,0,1634100259,
 2C 9C 0F 32,0,1634100260,
 2C 9C 0F 32,0,1634100264,
 2C 9C 0F 32,0,1634100266,
 2C 9C 0F 32,0,1634100267,
 2C 9C 0F 32,0,1634100268,
 2C 9C 0F 32,0,1634100269,
 2C 9C 0F 32,0,1634100270,
 D0 8F 46 79,0,1634100273,
 79 F6 19 E9,0,1634100273,
 80 DB 99 79,0,1634100274,
 70 DA 5C 13,0,1634100275,
 D0 8F 46 79,1,1634100316,
 79 F6 19 E9,1,1634100316,
 80 DB 99 79,0,1634100317,
 70 DA 5C 13,0,1634100317,
 70 DA 5C 13,0,1634100319,
 79 F6 19 E9,0,1634100320,
 D0 8F 46 79,0,1634100320,
 D0 8F 46 79,0,1634100321,
 D0 8F 46 79,1,1634100323,
 79 F6 19 E9,1,1634100323,
 80 DB 99 79,1,1634100324,
 70 DA 5C 13,1,1634100325,
 70 DA 5C 13,1,1634100327,
 80 DB 99 79,1,1634100327,
 79 F6 19 E9,1,1634100328,
 D0 8F 46 79,1,1634100329,
 D0 8F 46 79,0,1634100331,
 79 F6 19 E9,0,1634100332,
 80 DB 99 79,0,1634100332,
 70 DA 5C 13,0,1634100333,
 2C 9C 0F 32,0,1634099486,
 79 F6 19 E9,0,1634099488,
 D0 8F 46 79,0,1634099488,
 80 DB 99 79,1,1634099491,
 D0 8F 46 79,1,1634099492,
 D0 8F 46 79,1,1634099493,
 80 DB 99 79,1,1634099493,
 79 F6 19 E9,1,1634099494,
 2C 9C 0F 32,1,1634099497,
 2C 9C 0F 32,1,1634099640,
 D0 8F 46 79,1,1634099642,
 79 F6 19 E9,1,1634099643,
 80 DB 99 79,1,1634099643,
 70 DA 5C 13,1,1634099644,
 D0 8F 46 79,0,1634099649,
 D0 8F 46 79,0,1634099654,
 80 DB 99 79,0,1634099655,
 70 DA 5C 13,0,1634099656,
 80 DB 99 79,0,1634099656,
 79 F6 19 E9,0,1634099657,
 D0 8F 46 79,0,1634099657,
 2C 9C 0F 32,0,1634099660,
 D0 8F 46 79,1,1634099663,
 79 F6 19 E9,1,1634099664,
 80 DB 99 79,1,1634099664,
 70 DA 5C 13,1,1634099666,
 70 DA 5C 13,1,1634099666,
 80 DB 99 79,1,1634099667,
 80 DB 99 79,1,1634099667,
 79 F6 19 E9,0,1634099668,
 D0 8F 46 79,0,1634099668,
 D0 8F 46 79,1,1634099671,
 79 F6 19 E9,0,1634099671,
 80 DB 99 79,0,1634099672,
 70 DA 5C 13,0,1634099673,
 D0 8F 46 79,1,1634099680,
 79 F6 19 E9,0,1634099681,
 80 DB 99 79,0,1634099681,
 70 DA 5C 13,0,1634099682,
 70 DA 5C 13,1,1634099685,
 80 DB 99 79,1,1634099685,
 79 F6 19 E9,1,1634099686,
 D0 8F 46 79,1,1634099686,
 70 DA 5C 13,1,1634099688,
 80 DB 99 79,1,1634099689,
 70 DA 5C 13,0,1634099690,
 80 DB 99 79,0,1634099691,
 D0 8F 46 79,1,1634100185,
 79 F6 19 E9,1,1634100186,
 80 DB 99 79,1,1634100186,
 70 DA 5C 13,1,1634100187,
 D0 8F 46 79,0,1634100188,
 79 F6 19 E9,0,1634100189,
 80 DB 99 79,0,1634100189,
 70 DA 5C 13,0,1634100191,
 80 DB 99 79,1,1634100193,
 80 DB 99 79,0,1634100194,
 79 F6 19 E9,0,1634100194,
 D0 8F 46 79,0,1634100195,
 D0 8F 46 79,0,1634100197,
 79 F6 19 E9,0,1634100197,
 80 DB 99 79,0,1634100198,
 70 DA 5C 13,0,1634100199,
 80 DB 99 79,1,1634100200,
 80 DB 99 79,1,1634100201,
 79 F6 19 E9,1,1634100202,
 D0 8F 46 79,1,1634100202,
 D0 8F 46 79,1,1634100203,
 79 F6 19 E9,1,1634100204,
 80 DB 99 79,1,1634100204,
 80 DB 99 79,1,1634100205,
 80 DB 99 79,1,1634100205,
 70 DA 5C 13,1,1634100206,
 D0 8F 46 79,0,1634100209,
 79 F6 19 E9,0,1634100210,
 80 DB 99 79,0,1634100211,
 70 DA 5C 13,0,1634100212,
 70 DA 5C 13,0,1634100214,
 80 DB 99 79,0,1634100214,
 79 F6 19 E9,0,1634100215,
 D0 8F 46 79,0,1634100215,
 D0 8F 46 79,0,1634100217,
 79 F6 19 E9,0,1634100217,
 80 DB 99 79,0,1634100218,
 70 DA 5C 13,0,1634100219,
 2C 9C 0F 32,1,1634100248,
 2C 9C 0F 32,0,1634100254,
 2C 9C 0F 32,0,1634100255,
 2C 9C 0F 32,0,1634100257,
 2C 9C 0F 32,0,1634100258,
 2C 9C 0F 32,0,1634100259,
 2C 9C 0F 32,0,1634100260,
 2C 9C 0F 32,0,1634100264,
 2C 9C 0F 32,0,1634100266,
 2C 9C 0F 32,0,1634100267,
 2C 9C 0F 32,0,1634100268,
 2C 9C 0F 32,0,1634100269,
 2C 9C 0F 32,0,1634100270,
 D0 8F 46 79,0,1634100273,
 79 F6 19 E9,0,1634100273,
 80 DB 99 79,0,1634100274,
 70 DA 5C 13,0,1634100275,
 D0 8F 46 79,1,1634100316,
 79 F6 19 E9,1,1634100316,
 80 DB 99 79,0,1634100317,
 70 DA 5C 13,0,1634100317,
 70 DA 5C 13,0,1634100319,
 79 F6 19 E9,0,1634100320,
 D0 8F 46 79,0,1634100320,
 D0 8F 46 79,0,1634100321,
 D0 8F 46 79,1,1634100323,
 79 F6 19 E9,1,1634100323,
 80 DB 99 79,1,1634100324,
 70 DA 5C 13,1,1634100325,
 70 DA 5C 13,1,1634100327,
 80 DB 99 79,1,1634100327,
 79 F6 19 E9,1,1634100328,
 D0 8F 46 79,1,1634100329,
 D0 8F 46 79,0,1634100331,
 79 F6 19 E9,0,1634100332,
 80 DB 99 79,0,1634100332,
 70 DA 5C 13,0,1634100333,
 2C 9C 0F 32,0,1634099486,
 79 F6 19 E9,0,1634099488,
 D0 8F 46 79,0,1634099488,
 80 DB 99 79,1,1634099491,
 D0 8F 46 79,1,1634099492,
 D0 8F 46 79,1,1634099493,
 80 DB 99 79,1,1634099493,
 79 F6 19 E9,1,1634099494,
 2C 9C 0F 32,1,1634099497,
 2C 9C 0F 32,1,1634099640,
 D0 8F 46 79,1,1634099642,
 79 F6 19 E9,1,1634099643,
 80 DB 99 79,1,1634099643,
 70 DA 5C 13,1,1634099644,
 D0 8F 46 79,0,1634099649,
 D0 8F 46 79,0,1634099654,
 80 DB 99 79,0,1634099655,
 70 DA 5C 13,0,1634099656,
 80 DB 99 79,0,1634099656,
 79 F6 19 E9,0,1634099657,
 D0 8F 46 79,0,1634099657,
 2C 9C 0F 32,0,1634099660,
 D0 8F 46 79,1,1634099663,
 79 F6 19 E9,1,1634099664,
 80 DB 99 79,1,1634099664,
 70 DA 5C 13,1,1634099666,
 70 DA 5C 13,1,1634099666,
 80 DB 99 79,1,1634099667,
 80 DB 99 79,1,1634099667,
 79 F6 19 E9,0,1634099668,
 D0 8F 46 79,0,1634099668,
 D0 8F 46 79,1,1634099671,
 79 F6 19 E9,0,1634099671,
 80 DB 99 79,0,1634099672,
 70 DA 5C 13,0,1634099673,
 D0 8F 46 79,1,1634099680,
 79 F6 19 E9,0,1634099681,
 80 DB 99 79,0,1634099681,
 70 DA 5C 13,0,1634099682,
 70 DA 5C 13,1,1634099685,
 80 DB 99 79,1,1634099685,
 79 F6 19 E9,1,1634099686,
 D0 8F 46 79,1,1634099686,
 70 DA 5C 13,1,1634099688,
 80 DB 99 79,1,1634099689,
 70 DA 5C 13,0,1634099690,
 80 DB 99 79,0,1634099691,
 D0 8F 46 79,1,1634100185,
 79 F6 19 E9,1,1634100186,
 80 DB 99 79,1,1634100186,
 70 DA 5C 13,1,1634100187,
 D0 8F 46 79,0,1634100188,
 79 F6 19 E9,0,1634100189,
 80 DB 99 79,0,1634100189,
 70 DA 5C 13,0,1634100191,
 80 DB 99 79,1,1634100193,
 80 DB 99 79,0,1634100194,
 79 F6 19 E9,0,1634100194,
 D0 8F 46 79,0,1634100195,
 D0 8F 46 79,0,1634100197,
 79 F6 19 E9,0,1634100197,
 80 DB 99 79,0,1634100198,
 70 DA 5C 13,0,1634100199,
 80 DB 99 79,1,1634100200,
 80 DB 99 79,1,1634100201,
 79 F6 19 E9,1,1634100202,
 D0 8F 46 79,1,1634100202,
 D0 8F 46 79,1,1634100203,
 79 F6 19 E9,1,1634100204,
 80 DB 99 79,1,1634100204,
 80 DB 99 79,1,1634100205,
 80 DB 99 79,1,1634100205,
 70 DA 5C 13,1,1634100206,
 D0 8F 46 79,0,1634100209,
 79 F6 19 E9,0,1634100210,
 80 DB 99 79,0,1634100211,
 70 DA 5C 13,0,1634100212,
 70 DA 5C 13,0,1634100214,
 80 DB 99 79,0,1634100214,
 79 F6 19 E9,0,1634100215,
 D0 8F 46 79,0,1634100215,
 D0 8F 46 79,0,1634100217,
 79 F6 19 E9,0,1634100217,
 80 DB 99 79,0,1634100218,
 70 DA 5C 13,0,1634100219,
 2C 9C 0F 32,1,1634100248,
 2C 9C 0F 32,0,1634100254,
 2C 9C 0F 32,0,1634100255,
 2C 9C 0F 32,0,1634100257,
 2C 9C 0F 32,0,1634100258,
 2C 9C 0F 32,0,1634100259,
 2C 9C 0F 32,0,1634100260,
 2C 9C 0F 32,0,1634100264,
 2C 9C 0F 32,0,1634100266,
 2C 9C 0F 32,0,1634100267,
 2C 9C 0F 32,0,1634100268,
 2C 9C 0F 32,0,1634100269,
 2C 9C 0F 32,0,1634100270,
 D0 8F 46 79,0,1634100273,
 79 F6 19 E9,0,1634100273,
 80 DB 99 79,0,1634100274,
 70 DA 5C 13,0,1634100275,
 D0 8F 46 79,1,1634100316,
 79 F6 19 E9,1,1634100316,
 80 DB 99 79,0,1634100317,
 70 DA 5C 13,0,1634100317,
 70 DA 5C 13,0,1634100319,
 79 F6 19 E9,0,1634100320,
 D0 8F 46 79,0,1634100320,
 D0 8F 46 79,0,1634100321,
 D0 8F 46 79,1,1634100323,
 79 F6 19 E9,1,1634100323,
 80 DB 99 79,1,1634100324,
 70 DA 5C 13,1,1634100325,
 70 DA 5C 13,1,1634100327,
 80 DB 99 79,1,1634100327,
 79 F6 19 E9,1,1634100328,
 D0 8F 46 79,1,1634100329,
 D0 8F 46 79,0,1634100331,
 79 F6 19 E9,0,1634100332,
 80 DB 99 79,0,1634100332,
 70 DA 5C 13,0,1634100333,
 2C 9C 0F 32,0,1634099486,
 79 F6 19 E9,0,1634099488,
 D0 8F 46 79,0,1634099488,
 80 DB 99 79,1,1634099491,
 D0 8F 46 79,1,1634099492,
 D0 8F 46 79,1,1634099493,
 80 DB 99 79,1,1634099493,
 79 F6 19 E9,1,1634099494,
 2C 9C 0F 32,1,1634099497,
 2C 9C 0F 32,1,1634099640,
 D0 8F 46 79,1,1634099642,
 79 F6 19 E9,1,1634099643,
 80 DB 99 79,1,1634099643,
 70 DA 5C 13,1,1634099644,
 D0 8F 46 79,0,1634099649,
 D0 8F 46 79,0,1634099654,
 80 DB 99 79,0,1634099655,
 70 DA 5C 13,0,1634099656,
 80 DB 99 79,0,1634099656,
 79 F6 19 E9,0,1634099657,
 D0 8F 46 79,0,1634099657,
 2C 9C 0F 32,0,1634099660,
 D0 8F 46 79,1,1634099663,
 79 F6 19 E9,1,1634099664,
 80 DB 99 79,1,1634099664,
 70 DA 5C 13,1,1634099666,
 70 DA 5C 13,1,1634099666,
 80 DB 99 79,1,1634099667,
 80 DB 99 79,1,1634099667,
 79 F6 19 E9,0,1634099668,
 D0 8F 46 79,0,1634099668,
 D0 8F 46 79,1,1634099671,
 79 F6 19 E9,0,1634099671,
 80 DB 99 79,0,1634099672,
 70 DA 5C 13,0,1634099673,
 D0 8F 46 79,1,1634099680,
 79 F6 19 E9,0,1634099681,
 80 DB 99 79,0,1634099681,
 70 DA 5C 13,0,1634099682,
 70 DA 5C 13,1,1634099685,
 80 DB 99 79,1,1634099685,
 79 F6 19 E9,1,1634099686,
 D0 8F 46 79,1,1634099686,
 70 DA 5C 13,1,1634099688,
 80 DB 99 79,1,1634099689,
 70 DA 5C 13,0,1634099690,
 80 DB 99 79,0,1634099691,
 D0 8F 46 79,1,1634100185,
 79 F6 19 E9,1,1634100186,
 80 DB 99 79,1,1634100186,
 70 DA 5C 13,1,1634100187,
 D0 8F 46 79,0,1634100188,
 79 F6 19 E9,0,1634100189,
 80 DB 99 79,0,1634100189,
 70 DA 5C 13,0,1634100191,
 80 DB 99 79,1,1634100193,
 80 DB 99 79,0,1634100194,
 79 F6 19 E9,0,1634100194,
 D0 8F 46 79,0,1634100195,
 D0 8F 46 79,0,1634100197,
 79 F6 19 E9,0,1634100197,
 80 DB 99 79,0,1634100198,
 70 DA 5C 13,0,1634100199,
 80 DB 99 79,1,1634100200,
 80 DB 99 79,1,1634100201,
 79 F6 19 E9,1,1634100202,
 D0 8F 46 79,1,1634100202,
 D0 8F 46 79,1,1634100203,
 79 F6 19 E9,1,1634100204,
 80 DB 99 79,1,1634100204,
 80 DB 99 79,1,1634100205,
 80 DB 99 79,1,1634100205,
 70 DA 5C 13,1,1634100206,
 D0 8F 46 79,0,1634100209,
 79 F6 19 E9,0,1634100210,
 80 DB 99 79,0,1634100211,
 70 DA 5C 13,0,1634100212,
 70 DA 5C 13,0,1634100214,
 80 DB 99 79,0,1634100214,
 79 F6 19 E9,0,1634100215,
 D0 8F 46 79,0,1634100215,
 D0 8F 46 79,0,1634100217,
 79 F6 19 E9,0,1634100217,
 80 DB 99 79,0,1634100218,
 70 DA 5C 13,0,1634100219,
 2C 9C 0F 32,1,1634100248,
 2C 9C 0F 32,0,1634100254,
 2C 9C 0F 32,0,1634100255,
 2C 9C 0F 32,0,1634100257,
 2C 9C 0F 32,0,1634100258,
 2C 9C 0F 32,0,1634100259,
 2C 9C 0F 32,0,1634100260,
 2C 9C 0F 32,0,1634100264,
 2C 9C 0F 32,0,1634100266,
 2C 9C 0F 32,0,1634100267,
 2C 9C 0F 32,0,1634100268,
 2C 9C 0F 32,0,1634100269,
 2C 9C 0F 32,0,1634100270,
 D0 8F 46 79,0,1634100273,
 79 F6 19 E9,0,1634100273,
 80 DB 99 79,0,1634100274,
 70 DA 5C 13,0,1634100275,
 D0 8F 46 79,1,1634100316,
 79 F6 19 E9,1,1634100316,
 80 DB 99 79,0,1634100317,
 70 DA 5C 13,0,1634100317,
 70 DA 5C 13,0,1634100319,
 79 F6 19 E9,0,1634100320,
 D0 8F 46 79,0,1634100320,
 D0 8F 46 79,0,1634100321,
 D0 8F 46 79,1,1634100323,
 79 F6 19 E9,1,1634100323,
 80 DB 99 79,1,1634100324,
 70 DA 5C 13,1,1634100325,
 70 DA 5C 13,1,1634100327,
 80 DB 99 79,1,1634100327,
 79 F6 19 E9,1,1634100328,
 D0 8F 46 79,1,1634100329,
 D0 8F 46 79,0,1634100331,
 79 F6 19 E9,0,1634100332,
 80 DB 99 79,0,1634100332,
 70 DA 5C 13,0,1634100333,
 2C 9C 0F 32,0,1634099486,
 79 F6 19 E9,0,1634099488,
 D0 8F 46 79,0,1634099488,
 80 DB 99 79,1,1634099491,
 D0 8F 46 79,1,1634099492,
 D0 8F 46 79,1,1634099493,
 80 DB 99 79,1,1634099493,
 79 F6 19 E9,1,1634099494,
 2C 9C 0F 32,1,1634099497,
 2C 9C 0F 32,1,1634099640,
 D0 8F 46 79,1,1634099642,
 79 F6 19 E9,1,1634099643,
 80 DB 99 79,1,1634099643,
 70 DA 5C 13,1,1634099644,
 D0 8F 46 79,0,1634099649,
 D0 8F 46 79,0,1634099654,
 80 DB 99 79,0,1634099655,
 70 DA 5C 13,0,1634099656,
 80 DB 99 79,0,1634099656,
 79 F6 19 E9,0,1634099657,
 D0 8F 46 79,0,1634099657,
 2C 9C 0F 32,0,1634099660,
 D0 8F 46 79,1,1634099663,
 79 F6 19 E9,1,1634099664,
 80 DB 99 79,1,1634099664,
 70 DA 5C 13,1,1634099666,
 70 DA 5C 13,1,1634099666,
 80 DB 99 79,1,1634099667,
 80 DB 99 79,1,1634099667,
 79 F6 19 E9,0,1634099668,
 D0 8F 46 79,0,1634099668,
 D0 8F 46 79,1,1634099671,
 79 F6 19 E9,0,1634099671,
 80 DB 99 79,0,1634099672,
 70 DA 5C 13,0,1634099673,
 D0 8F 46 79,1,1634099680,
 79 F6 19 E9,0,1634099681,
 80 DB 99 79,0,1634099681,
 70 DA 5C 13,0,1634099682,
 70 DA 5C 13,1,1634099685,
 80 DB 99 79,1,1634099685,
 79 F6 19 E9,1,1634099686,
 D0 8F 46 79,1,1634099686,
 70 DA 5C 13,1,1634099688,
 80 DB 99 79,1,1634099689,
 70 DA 5C 13,0,1634099690,
 80 DB 99 79,0,1634099691,
 D0 8F 46 79,1,1634100185,
 79 F6 19 E9,1,1634100186,
 80 DB 99 79,1,1634100186,
 70 DA 5C 13,1,1634100187,
 D0 8F 46 79,0,1634100188,
 79 F6 19 E9,0,1634100189,
 80 DB 99 79,0,1634100189,
 70 DA 5C 13,0,1634100191,
 80 DB 99 79,1,1634100193,
 80 DB 99 79,0,1634100194,
 79 F6 19 E9,0,1634100194,
 D0 8F 46 79,0,1634100195,
 D0 8F 46 79,0,1634100197,
 79 F6 19 E9,0,1634100197,
 80 DB 99 79,0,1634100198,
 70 DA 5C 13,0,1634100199,
 80 DB 99 79,1,1634100200,
 80 DB 99 79,1,1634100201,
 79 F6 19 E9,1,1634100202,
 D0 8F 46 79,1,1634100202,
 D0 8F 46 79,1,1634100203,
 79 F6 19 E9,1,1634100204,
 80 DB 99 79,1,1634100204,
 80 DB 99 79,1,1634100205,
 80 DB 99 79,1,1634100205,
 70 DA 5C 13,1,1634100206,
 D0 8F 46 79,0,1634100209,
 79 F6 19 E9,0,1634100210,
 80 DB 99 79,0,1634100211,
 70 DA 5C 13,0,1634100212,
 70 DA 5C 13,0,1634100214,
 80 DB 99 79,0,1634100214,
 79 F6 19 E9,0,1634100215,
 D0 8F 46 79,0,1634100215,
 D0 8F 46 79,0,1634100217,
 79 F6 19 E9,0,1634100217,
 80 DB 99 79,0,1634100218,
 70 DA 5C 13,0,1634100219,
 2C 9C 0F 32,1,1634100248,
 2C 9C 0F 32,0,1634100254,
 2C 9C 0F 32,0,1634100255,
 2C 9C 0F 32,0,1634100257,
 2C 9C 0F 32,0,1634100258,
 2C 9C 0F 32,0,1634100259,
 2C 9C 0F 32,0,1634100260,
 2C 9C 0F 32,0,1634100264,
 2C 9C 0F 32,0,1634100266,
 2C 9C 0F 32,0,1634100267,
 2C 9C 0F 32,0,1634100268,
 2C 9C 0F 32,0,1634100269,
 2C 9C 0F 32,0,1634100270,
 D0 8F 46 79,0,1634100273,
 79 F6 19 E9,0,1634100273,
 80 DB 99 79,0,1634100274,
 70 DA 5C 13,0,1634100275,
 D0 8F 46 79,1,1634100316,
 79 F6 19 E9,1,1634100316,
 80 DB 99 79,0,1634100317,
 70 DA 5C 13,0,1634100317,
 70 DA 5C 13,0,1634100319,
 79 F6 19 E9,0,1634100320,
 D0 8F 46 79,0,1634100320,
 D0 8F 46 79,0,1634100321,
 D0 8F 46 79,1,1634100323,
 79 F6 19 E9,1,1634100323,
 80 DB 99 79,1,1634100324,
 70 DA 5C 13,1,1634100325,
 70 DA 5C 13,1,1634100327,
 80 DB 99 79,1,1634100327,
 79 F6 19 E9,1,1634100328,
 D0 8F 46 79,1,1634100329,
 D0 8F 46 79,0,1634100331,
 79 F6 19 E9,0,1634100332,
 80 DB 99 79,0,1634100332,
 70 DA 5C 13,0,1634100333,
 2C 9C 0F 32,0,1634099486,
 79 F6 19 E9,0,1634099488,
 D0 8F 46 79,0,1634099488,
 80 DB 99 79,1,1634099491,
 D0 8F 46 79,1,1634099492,
 D0 8F 46 79,1,1634099493,
 80 DB 99 79,1,1634099493,
 79 F6 19 E9,1,1634099494,
 2C 9C 0F 32,1,1634099497,
 2C 9C 0F 32,1,1634099640,
 D0 8F 46 79,1,1634099642,
 79 F6 19 E9,1,1634099643,
 80 DB 99 79,1,1634099643,
 70 DA 5C 13,1,1634099644,
 D0 8F 46 79,0,1634099649,
 D0 8F 46 79,0,1634099654,
 80 DB 99 79,0,1634099655,
 70 DA 5C 13,0,1634099656,
 80 DB 99 79,0,1634099656,
 79 F6 19 E9,0,1634099657,
 D0 8F 46 79,0,1634099657,
 2C 9C 0F 32,0,1634099660,
 D0 8F 46 79,1,1634099663,
 79 F6 19 E9,1,1634099664,
 80 DB 99 79,1,1634099664,
 70 DA 5C 13,1,1634099666,
 70 DA 5C 13,1,1634099666,
 80 DB 99 79,1,1634099667,
 80 DB 99 79,1,1634099667,
 79 F6 19 E9,0,1634099668,
 D0 8F 46 79,0,1634099668,
 D0 8F 46 79,1,1634099671,
 79 F6 19 E9,0,1634099671,
 80 DB 99 79,0,1634099672,
 70 DA 5C 13,0,1634099673,
 D0 8F 46 79,1,1634099680,
 79 F6 19 E9,0,1634099681,
 80 DB 99 79,0,1634099681,
 70 DA 5C 13,0,1634099682,
 70 DA 5C 13,1,1634099685,
 80 DB 99 79,1,1634099685,
 79 F6 19 E9,1,1634099686,
 D0 8F 46 79,1,1634099686,
 70 DA 5C 13,1,1634099688,
 80 DB 99 79,1,1634099689,
 70 DA 5C 13,0,1634099690,
 80 DB 99 79,0,1634099691,
 D0 8F 46 79,1,1634100185,
 79 F6 19 E9,1,1634100186,
 80 DB 99 79,1,1634100186,
 70 DA 5C 13,1,1634100187,
 D0 8F 46 79,0,1634100188,
 79 F6 19 E9,0,1634100189,
 80 DB 99 79,0,1634100189,
 70 DA 5C 13,0,1634100191,
 80 DB 99 79,1,1634100193,
 80 DB 99 79,0,1634100194,
 79 F6 19 E9,0,1634100194,
 D0 8F 46 79,0,1634100195,
 D0 8F 46 79,0,1634100197,
 79 F6 19 E9,0,1634100197,
 80 DB 99 79,0,1634100198,
 70 DA 5C 13,0,1634100199,
 80 DB 99 79,1,1634100200,
 80 DB 99 79,1,1634100201,
 79 F6 19 E9,1,1634100202,
 D0 8F 46 79,1,1634100202,
 D0 8F 46 79,1,1634100203,
 79 F6 19 E9,1,1634100204,
 80 DB 99 79,1,1634100204,
 80 DB 99 79,1,1634100205,
 80 DB 99 79,1,1634100205,
 70 DA 5C 13,1,1634100206,
 D0 8F 46 79,0,1634100209,
 79 F6 19 E9,0,1634100210,
 80 DB 99 79,0,1634100211,
 70 DA 5C 13,0,1634100212,
 70 DA 5C 13,0,1634100214,
 80 DB 99 79,0,1634100214,
 79 F6 19 E9,0,1634100215,
 D0 8F 46 79,0,1634100215,
 D0 8F 46 79,0,1634100217,
 79 F6 19 E9,0,1634100217,
 80 DB 99 79,0,1634100218,
 70 DA 5C 13,0,1634100219,
 2C 9C 0F 32,1,1634100248,
 2C 9C 0F 32,0,1634100254,
 2C 9C 0F 32,0,1634100255,
 2C 9C 0F 32,0,1634100257,
 2C 9C 0F 32,0,1634100258,
 2C 9C 0F 32,0,1634100259,
 2C 9C 0F 32,0,1634100260,
 2C 9C 0F 32,0,1634100264,
 2C 9C 0F 32,0,1634100266,
 2C 9C 0F 32,0,1634100267,
 2C 9C 0F 32,0,1634100268,
 2C 9C 0F 32,0,1634100269,
 2C 9C 0F 32,0,1634100270,
 D0 8F 46 79,0,1634100273,
 79 F6 19 E9,0,1634100273,
 80 DB 99 79,0,1634100274,
 70 DA 5C 13,0,1634100275,
 D0 8F 46 79,1,1634100316,
 79 F6 19 E9,1,1634100316,
 80 DB 99 79,0,1634100317,
 70 DA 5C 13,0,1634100317,
 70 DA 5C 13,0,1634100319,
 79 F6 19 E9,0,1634100320,
 D0 8F 46 79,0,1634100320,
 D0 8F 46 79,0,1634100321,
 D0 8F 46 79,1,1634100323,
 79 F6 19 E9,1,1634100323,
 80 DB 99 79,1,1634100324,
 70 DA 5C 13,1,1634100325,
 70 DA 5C 13,1,1634100327,
 80 DB 99 79,1,1634100327,
 79 F6 19 E9,1,1634100328,
 D0 8F 46 79,1,1634100329,
 D0 8F 46 79,0,1634100331,
 79 F6 19 E9,0,1634100332,
 80 DB 99 79,0,1634100332,
 70 DA 5C 13,0,1634100333,
 2C 9C 0F 32,0,1634099486,
 79 F6 19 E9,0,1634099488,
 D0 8F 46 79,0,1634099488,
 80 DB 99 79,1,1634099491,
 D0 8F 46 79,1,1634099492,
 D0 8F 46 79,1,1634099493,
 80 DB 99 79,1,1634099493,
 79 F6 19 E9,1,1634099494,
 2C 9C 0F 32,1,1634099497,
 2C 9C 0F 32,1,1634099640,
 D0 8F 46 79,1,1634099642,
 79 F6 19 E9,1,1634099643,
 80 DB 99 79,1,1634099643,
 70 DA 5C 13,1,1634099644,
 D0 8F 46 79,0,1634099649,
 D0 8F 46 79,0,1634099654,
 80 DB 99 79,0,1634099655,
 70 DA 5C 13,0,1634099656,
 80 DB 99 79,0,1634099656,
 79 F6 19 E9,0,1634099657,
 D0 8F 46 79,0,1634099657,
 2C 9C 0F 32,0,1634099660,
 D0 8F 46 79,1,1634099663,
 79 F6 19 E9,1,1634099664,
 80 DB 99 79,1,1634099664,
 70 DA 5C 13,1,1634099666,
 70 DA 5C 13,1,1634099666,
 80 DB 99 79,1,1634099667,
 80 DB 99 79,1,1634099667,
 79 F6 19 E9,0,1634099668,
 D0 8F 46 79,0,1634099668,
 D0 8F 46 79,1,1634099671,
 79 F6 19 E9,0,1634099671,
 80 DB 99 79,0,1634099672,
 70 DA 5C 13,0,1634099673,
 D0 8F 46 79,1,1634099680,
 79 F6 19 E9,0,1634099681,
 80 DB 99 79,0,1634099681,
 70 DA 5C 13,0,1634099682,
 70 DA 5C 13,1,1634099685,
 80 DB 99 79,1,1634099685,
 79 F6 19 E9,1,1634099686,
 D0 8F 46 79,1,1634099686,
 70 DA 5C 13,1,1634099688,
 80 DB 99 79,1,1634099689,
 70 DA 5C 13,0,1634099690,
 80 DB 99 79,0,1634099691,
 D0 8F 46 79,1,1634100185,
 79 F6 19 E9,1,1634100186,
 80 DB 99 79,1,1634100186,
 70 DA 5C 13,1,1634100187,
 D0 8F 46 79,0,1634100188,
 79 F6 19 E9,0,1634100189,
 80 DB 99 79,0,1634100189,
 70 DA 5C 13,0,1634100191,
 80 DB 99 79,1,1634100193,
 80 DB 99 79,0,1634100194,
 79 F6 19 E9,0,1634100194,
 D0 8F 46 79,0,1634100195,
 D0 8F 46 79,0,1634100197,
 79 F6 19 E9,0,1634100197,
 80 DB 99 79,0,1634100198,
 70 DA 5C 13,0,1634100199,
 80 DB 99 79,1,1634100200,
 80 DB 99 79,1,1634100201,
 79 F6 19 E9,1,1634100202,
 D0 8F 46 79,1,1634100202,
 D0 8F 46 79,1,1634100203,
 79 F6 19 E9,1,1634100204,
 80 DB 99 79,1,1634100204,
 80 DB 99 79,1,1634100205,
 80 DB 99 79,1,1634100205,
 70 DA 5C 13,1,1634100206,
 D0 8F 46 79,0,1634100209,
 79 F6 19 E9,0,1634100210,
 80 DB 99 79,0,1634100211,
 70 DA 5C 13,0,1634100212,
 70 DA 5C 13,0,1634100214,
 80 DB 99 79,0,1634100214,
 79 F6 19 E9,0,1634100215,
 D0 8F 46 79,0,1634100215,
 D0 8F 46 79,0,1634100217,
 79 F6 19 E9,0,1634100217,
 80 DB 99 79,0,1634100218,
 70 DA 5C 13,0,1634100219,
 2C 9C 0F 32,1,1634100248,
 2C 9C 0F 32,0,1634100254,
 2C 9C 0F 32,0,1634100255,
 2C 9C 0F 32,0,1634100257,
 2C 9C 0F 32,0,1634100258,
 2C 9C 0F 32,0,1634100259,
 2C 9C 0F 32,0,1634100260,
 2C 9C 0F 32,0,1634100264,
 2C 9C 0F 32,0,1634100266,
 2C 9C 0F 32,0,1634100267,
 2C 9C 0F 32,0,1634100268,
 2C 9C 0F 32,0,1634100269,
 2C 9C 0F 32,0,1634100270,
 D0 8F 46 79,0,1634100273,
 79 F6 19 E9,0,1634100273,
 80 DB 99 79,0,1634100274,
 70 DA 5C 13,0,1634100275,
 D0 8F 46 79,1,1634100316,
 79 F6 19 E9,1,1634100316,
 80 DB 99 79,0,1634100317,
 70 DA 5C 13,0,1634100317,
 70 DA 5C 13,0,1634100319,
 79 F6 19 E9,0,1634100320,
 D0 8F 46 79,0,1634100320,
 D0 8F 46 79,0,1634100321,
 D0 8F 46 79,1,1634100323,
 79 F6 19 E9,1,1634100323,
 80 DB 99 79,1,1634100324,
 70 DA 5C 13,1,1634100325,
 70 DA 5C 13,1,1634100327,
 80 DB 99 79,1,1634100327,
 79 F6 19 E9,1,1634100328,
 D0 8F 46 79,1,1634100329,
 D0 8F 46 79,0,1634100331,
 79 F6 19 E9,0,1634100332,
 80 DB 99 79,0,1634100332,
 70 DA 5C 13,0,1634100333,
 2C 9C 0F 32,0,1634099486,
 79 F6 19 E9,0,1634099488,
 D0 8F 46 79,0,1634099488,
 80 DB 99 79,1,1634099491,
 D0 8F 46 79,1,1634099492,
 D0 8F 46 79,1,1634099493,
 80 DB 99 79,1,1634099493,
 79 F6 19 E9,1,1634099494,
 2C 9C 0F 32,1,1634099497,
 2C 9C 0F 32,1,1634099640,
 D0 8F 46 79,1,1634099642,
 79 F6 19 E9,1,1634099643,
 80 DB 99 79,1,1634099643,
 70 DA 5C 13,1,1634099644,
 D0 8F 46 79,0,1634099649,
 D0 8F 46 79,0,1634099654,
 80 DB 99 79,0,1634099655,
 70 DA 5C 13,0,1634099656,
 80 DB 99 79,0,1634099656,
 79 F6 19 E9,0,1634099657,
 D0 8F 46 79,0,1634099657,
 2C 9C 0F 32,0,1634099660,
 D0 8F 46 79,1,1634099663,
 79 F6 19 E9,1,1634099664,
 80 DB 99 79,1,1634099664,
 70 DA 5C 13,1,1634099666,
 70 DA 5C 13,1,1634099666,
 80 DB 99 79,1,1634099667,
 80 DB 99 79,1,1634099667,
 79 F6 19 E9,0,1634099668,
 D0 8F 46 79,0,1634099668,
 D0 8F 46 79,1,1634099671,
 79 F6 19 E9,0,1634099671,
 80 DB 99 79,0,1634099672,
 70 DA 5C 13,0,1634099673,
 D0 8F 46 79,1,1634099680,
 79 F6 19 E9,0,1634099681,
 80 DB 99 79,0,1634099681,
 70 DA 5C 13,0,1634099682,
 70 DA 5C 13,1,1634099685,
 80 DB 99 79,1,1634099685,
 79 F6 19 E9,1,1634099686,
 D0 8F 46 79,1,1634099686,
 70 DA 5C 13,1,1634099688,
 80 DB 99 79,1,1634099689,
 70 DA 5C 13,0,1634099690,
 80 DB 99 79,0,1634099691,
 D0 8F 46 79,1,1634100185,
 79 F6 19 E9,1,1634100186,
 80 DB 99 79,1,1634100186,
 70 DA 5C 13,1,1634100187,
 D0 8F 46 79,0,1634100188,
 79 F6 19 E9,0,1634100189,
 80 DB 99 79,0,1634100189,
 70 DA 5C 13,0,1634100191,
 80 DB 99 79,1,1634100193,
 80 DB 99 79,0,1634100194,
 79 F6 19 E9,0,1634100194,
 D0 8F 46 79,0,1634100195,
 D0 8F 46 79,0,1634100197,
 79 F6 19 E9,0,1634100197,
 80 DB 99 79,0,1634100198,
 70 DA 5C 13,0,1634100199,
 80 DB 99 79,1,1634100200,
 80 DB 99 79,1,1634100201,
 79 F6 19 E9,1,1634100202,
 D0 8F 46 79,1,1634100202,
 D0 8F 46 79,1,1634100203,
 79 F6 19 E9,1,1634100204,
 80 DB 99 79,1,1634100204,
 80 DB 99 79,1,1634100205,
 80 DB 99 79,1,1634100205,
 70 DA 5C 13,1,1634100206,
 D0 8F 46 79,0,1634100209,
 79 F6 19 E9,0,1634100210,
 80 DB 99 79,0,1634100211,
 70 DA 5C 13,0,1634100212,
 70 DA 5C 13,0,1634100214,
 80 DB 99 79,0,1634100214,
 79 F6 19 E9,0,1634100215,
 D0 8F 46 79,0,1634100215,
 D0 8F 46 79,0,1634100217,
 79 F6 19 E9,0,1634100217,
 80 DB 99 79,0,1634100218,
 70 DA 5C 13,0,1634100219,
 2C 9C 0F 32,1,1634100248,
 2C 9C 0F 32,0,1634100254,
 2C 9C 0F 32,0,1634100255,
 2C 9C 0F 32,0,1634100257,
 2C 9C 0F 32,0,1634100258,
 2C 9C 0F 32,0,1634100259,
 2C 9C 0F 32,0,1634100260,
 2C 9C 0F 32,0,1634100264,
 2C 9C 0F 32,0,1634100266,
 2C 9C 0F 32,0,1634100267,
 2C 9C 0F 32,0,1634100268,
 2C 9C 0F 32,0,1634100269,
 2C 9C 0F 32,0,1634100270,
 D0 8F 46 79,0,1634100273,
 79 F6 19 E9,0,1634100273,
 80 DB 99 79,0,1634100274,
 70 DA 5C 13,0,1634100275,
 D0 8F 46 79,1,1634100316,
 79 F6 19 E9,1,1634100316,
 80 DB 99 79,0,1634100317,
 70 DA 5C 13,0,1634100317,
 70 DA 5C 13,0,1634100319,
 79 F6 19 E9,0,1634100320,
 D0 8F 46 79,0,1634100320,
 D0 8F 46 79,0,1634100321,
 D0 8F 46 79,1,1634100323,
 79 F6 19 E9,1,1634100323,
 80 DB 99 79,1,1634100324,
 70 DA 5C 13,1,1634100325,
 70 DA 5C 13,1,1634100327,
 80 DB 99 79,1,1634100327,
 79 F6 19 E9,1,1634100328,
 D0 8F 46 79,1,1634100329,
 D0 8F 46 79,0,1634100331,
 79 F6 19 E9,0,1634100332,
 80 DB 99 79,0,1634100332,
 70 DA 5C 13,0,1634100333,
 2C 9C 0F 32,0,1634099486,
 79 F6 19 E9,0,1634099488,
 D0 8F 46 79,0,1634099488,
 80 DB 99 79,1,1634099491,
 D0 8F 46 79,1,1634099492,
 D0 8F 46 79,1,1634099493,
 80 DB 99 79,1,1634099493,
 79 F6 19 E9,1,1634099494,
 2C 9C 0F 32,1,1634099497,
 2C 9C 0F 32,1,1634099640,
 D0 8F 46 79,1,1634099642,
 79 F6 19 E9,1,1634099643,
 80 DB 99 79,1,1634099643,
 70 DA 5C 13,1,1634099644,
 D0 8F 46 79,0,1634099649,
 D0 8F 46 79,0,1634099654,
 80 DB 99 79,0,1634099655,
 70 DA 5C 13,0,1634099656,
 80 DB 99 79,0,1634099656,
 79 F6 19 E9,0,1634099657,
 D0 8F 46 79,0,1634099657,
 2C 9C 0F 32,0,1634099660,
 D0 8F 46 79,1,1634099663,
